版本,comment,id,en-us,zh-cn,,,,,,,
1.0.0,警告,__comment,"代码生成文件,请勿手动修改,修改csv文件,然后本目录下执行 python3 generateI18n.py",代码生成文件，请勿手动修改，修改csv文件，然后本目录下执行 python3 generateI18n.py,,,,,,,
,课堂启动,retry,retry,重试,,,,,,,
,课堂启动,exit,exit,退出,,,,,,,
,课堂启动,init_error,",failed to initialize, please click the button and try again.",，初始化失败，请点击按钮重试,,,,,,,
,课堂启动,network_error,",the network request failed, please check the network and click the button to try again.",，网络请求失败，请检查网络后点击按钮重试,,,,,,,
,课堂启动,config_error,",failed to get class information, please click the button and try again.",，获取课堂信息失败，请点击按钮重试,,,,,,,
,课堂启动,rtm_error,",connection failed, please check the network and click the button to try again.",，连接失败，请检查网络后点击按钮重试,,,,,,,
,课堂启动,rtc_error,",audio and video link failed, please click the retry button.",，音视频链接失败，请点击重试按钮,,,,,,,
,class-课堂等待,class_awaiting,Awaiting,课堂等待,,,,,,,
,class-已开课,class_started,Started,已开课,,,,,,,
,class-即将开课,class_start_in,Start In,即将开课,,,,,,,
,class-超时,class_timeout,Timeout,已超时,,,,,,,
,设置-设置,setting_setting,Setting,设置,,,,,,,
,设置-摄像头,setting_camera,Teacher's camera,教师摄像头,,,,,,,
,设置-麦克风,setting_mic,Teacher's microphone,教师麦克风,,,,,,,
,设置-扬声器,setting_speaker,Speaker,扬声器,,,,,,,
,设置-界面,setting_interface,Interface,界面,,,,,,,
,设置-护眼模式,setting_eye,Eye Protection Mode,护眼模式,,,,,,,
,设置-镜像模式,setting_mirror,Mirror Mode,镜像模式,,,,,,,
,设置-刷新课堂,setting_refresh,Refresh,刷新课堂,,,,,,,
,设置-未检测到设备,setting_placeholder,No device is detected,未检测到设备,,,,,,,
,设置-未获取摄像头权限,setting_camera_placeholder,No camera access,未获取摄像头权限,,,,,,,
,popup-确认退出课堂,alert_exit_title,The class is not over. Are you sure you want to leave?,课堂还未结束，确定要退出吗？,,,,,,,
,popup-取消按钮,button_cancel,Cancel,取消,,,,,,,
,popup-退出课堂,button_leave,Leave,退出课堂,,,,,,,
,popup-确认结束课堂,alert_end_title,There are still students in this class. Are you sure you want to end the class?,还有学生在课堂中，确定要结束本次课堂吗？,,,,,,,
,popup-结束课堂,button_end,End the Class,结束课堂,,,,,,,
,popup-录制准备,record_loading,Devices Loading,录制准备中,,,,,,,
,popup-录制开始,record_start,Start Recording,录制开始,,,,,,,
,popup-录制中,record_recording,Recording,录制中,,,,,,,
,popup-转码中,toast_transcoding,"Courseware is converting, please try again later.",课件转码中，请稍后再试,,,,,,,
,popup-等待转码,toast_waiting_transcode,Waiting to be transcoded…,等待转码中……,,,,,,,
,popup-转码失败-标题,toast_transcode_failed,"The following coursewares converting failed, please avoid using them in class.",以下课件转码失败，请避免在课堂中使用,,,,,,,
,popup-转码失败-帮助,toast_transcode_help,"If you need any help, please contact customer service.",如需要帮助，请联系客服,,,,,,,
,popup-转码失败-我知道了,toast_transcode_confirm,OK,我知道了,,,,,,,
,tool-指针,tool_cursor,Cursor,指针,,,,,,,
,tool-画笔,tool_marker,Brush,画笔,,,,,,,
,tool-形状,tool_lines,Lines & Shapes,形状,,,,,,,
,tool-颜色,tool_colors,Colors,颜色,,,,,,,
,tool-粗细,tool_size,Size,粗细,,,,,,,
,tool-打字/文本,tool_text,Text,文本,,,,,,,
,tool-橡皮,tool_eraser,Eraser,橡皮,,,,,,,
,tool-框选擦除,tool_clear_selection,Clear Selection,框选擦除,,,,,,,
,tool-轨迹擦除,tool_normal_eraser,Normal Eraser,轨迹擦除,,,,,,,
,tool-清空,tool_clear_all,Clear All,清空,,,,,,,
,tool-全体视频上台,tool_on_stage,On Stage All,全体视频上台,,,,,,,
,tool-全体视频下台,tool_off_stage,Off Stage All,全体视频下台,,,,,,,
,tool-矩阵排列,tool_row,Row,矩阵排列,,,,,,,
,tool-围绕排列,tool_circle,Circle,围绕排列,,,,,,,
,tool-师生同台,tool_with_teacher,with Teacher,师生同台,,,,,,,
,tool-开启全体授权,tool_authorize_all,Authorize All,开启全体授权,,,,,,,
,tool-取消全体授权,tool_deauthorize_all,Deauthorize All,取消全体授权,,,,,,,
,secondary-白板,secondary_whiteboard,Blackboard,黑板,,,,,,,
,secondary-互动课件,secondary_interactive,Interactive Matierals,互动课件,,,,,,,
,secondary-加载中,secondary_loading,Loading,加载中,,,,,,,
,secondary-关闭,secondary_close,Close,关闭,,,,,,,
,secondary-缩放,secondary_zoom,Zoom,缩放,,,,,,,
,secondary-复位,secondary_reset_size,Reset Size,复位,,,,,,,
,secondary-新建白板空白页,secondary_new,New Whiteboard,新建白板空白页,,,,,,,
,secondary-上一页,secondary_previous,Previous Page,上一页,,,,,,,
,secondary-下一页,secondary_next,Next Page,下一页,,,,,,,
,secondary-目录,secondary_catalog,Catalog,目录,,,,,,,
,secondary-状态重置,secondary_reset,Reset,状态重置,,,,,,,
,secondary-备注,secondary_reminders,Reminders,备注,,,,,,,
,media-最小化,media_minimize,Minimize,最小化,,,,,,,
,media-最大化,media_maximize,Maximize,最大化,,,,,,,
,media-关闭,media_close,Close/Delete,关闭/删除,,,,,,,
,media-播放,media_play,Play,播放,,,,,,,
,media-暂停,media_pause,Pause,暂停,,,,,,,
,media-音量,media_volume,Volume,音量,,,,,,,
,media-倍速,media_play_speed,Play speed,倍速,,,,,,,
,image-层级,image_layers,Layers,层级,,,,,,,
,image-层级置顶,image_bring,Bring to Front,层级置顶,,,,,,,
,image-层级置底,image_send,Send to Back,层级置底,,,,,,,
,image-复制,image_copy,Copy,复制,,,,,,,
,image-锁定,image_locked,Locked,锁定,,,,,,,
,image-删除,image_delete,Delete,删除,,,,,,,
,image-放大,image_zoom_in,Zoom In,放大,,,,,,,
,image-缩小,image_zoom_out,Zoom Out,缩小,,,,,,,
,camera-当前学生下台,camera_off_stage,Off stage,当前学生下台,,,,,,,
,camera-全部学生下台,camera_off_stage_all,Off stage All,全部学生下台,,,,,,,
,auth-单人授权,auth_authorize,Authorize,单人授权,,,,,,,
,auth-全体授权,auth_authorize_all,Authorize All,全体授权,,,,,,,
,auth-上一人,auth_pre,Previous Student,上一人,,,,,,,
,auth-下一人,auth_next,Next Student,下一人,,,,,,,
,auth-监考模式,auth_monitor,Monitor Mode,监考模式,,,,,,,
,auth-退出授权,auth_deauthorize,Deauthorize,退出授权,,,,,,,
,auth-题目,auth_excercise,Excercise,题目,,,,,,,
,auth-1 on 1,auth_1,1 on 1,1 on 1,,,,,,,
,auth-练习已完成,auth_exercise_completed,Exercise Completed,练习已完成,,,,,,,
,auth-练习进行中,auth_exercise_in,Exercise in Progress,练习进行中,,,,,,,
,auth-发放下一题,auth_next_exercise,Next Exercise,发放下一题,,,,,,,
,行为反馈,operation_feedback,Feedback,行为反馈,,,,,,,
,正向行为,operation_motivate,Motivate,正向行为,,,,,,,
,负向行为,operation_notify,notify,负向行为,,,,,,,
,星星奖励,operation_reward,Reward,星星奖励,,,,,,,
,开麦,operation_unmute,Unmute,开麦,,,,,,,
,关麦,operation_mute,Mute,关麦,,,,,,,
,共享声音,operation_shared_unmute,Shared Audio,共享声音,,,,,,,
,停止共享声音,operation_shared_mute,Stop Sharing Audio,停止共享声音,,,,,,,
,音量调节,operation_volume,Volume,音量调节,,,,,,,
,内容列表,material_title,Content,内容列表,,,,,,,
,云盘,material_cloud,Cloud,云盘,,,,,,,
,浏览器,material_browser,Browser,浏览器,,,,,,,
,班级,learner_class,Class,班级,,,,,,,
,花名册,learner_list,Student List,花名册,,,,,,,
,成绩单,learner_grades,Students' Grades,成绩单,,,,,,,
,学员分组,learner_group,Group Students,学员分组,,,,,,,
,学员端功能设置,learner_settings,Students Settings,学员端功能设置,,,,,,,
,学生课堂班级视频区可见,learner_other,Other Students Visible,学生课堂班级视频区可见,,,,,,,
,学生授权后可自主切题,learner_once,(Once authourized) Allow student to switch to next exercise,学生授权后可自主切题,,,,,,,
,教学工具,tool_tool,Tools,教学工具,,,,,,,
,课间休息,tool_take,Take a Break,摇号,,,,,,,
,摇号,tool_slot,Slot Machine,抢答,,,,,,,
,抢答,tool_answer,Answer Buzzer,投票,,,,,,,
,投票,tool_vote,Vote,计时器,,,,,,,
,计时器,tool_timer,Timer,课次评价,,,,,,,
,课次评价,tool_evaluation,Evaluation,课间休息,,,,,,,
,,share_title,Screen Share,屏幕共享,,,,,,,
,,share_screen,Share Screen,桌面共享,,,,,,,
,,screen,Screen,桌面,,,,,,,
,,share_window,Share Window,窗口共享,,,,,,,
,,share_audio,Share Audio,共享音频,,,,,,,
,,share_audio_no_support,"Shared audio is not supported, learners cannot hear the sound you play.",暂不支持共享音频，学生无法听到你播放的声音,,,,,,,
,,share_cancel,Cancel,取消,,,,,,,
,,share_start,Start Sharing,开始共享,,,,,,,
,,share_stop,Stop Sharing,结束共享,,,,,,,
,,share_switch,Switch Window,切换窗口,,,,,,,
,,share_echo_tip_title,What to do if you encounter echoes due to shared audio when screen sharing？,屏幕共享时，因共享了音频而遇到回音怎么办？,,,,,,,
,,share_echo_tip_desc,It is recommended that you turn on only the shared audio sound or only your own microphone at the same time.,建议您同一时间只打开共享音频的声音或只打开自己的麦克风。,,,,,,,
,modal-课堂公告板,modal_notice_board,Notice board for this class,课堂公告板,,,,,,,
,modal-xx/人,modal_learner,learner,人,,,,,,,
,modal-限时赠送,modal_limit,Limited time offer,限时赠送,,,,,,,
,modal-学生视频可见,modal_learners,The attendees video area is visible to learners.,学生侧视频相互可见,,,,,,,
,modal-学生视频不可见,modal_invisible,The class camera area is invisible to learners.,学生视频不可见,,,,,,,
,modal-可在侧边栏修改,modal_sidebar,Can be modified in the sidebar.,可在侧边栏的班级设置中修改,,,,,,,
,modal-课堂已结束,modal_class_ended,The class has ended.,课堂已结束,,,,,,,
,modal-课堂已结束-超时,modal_class_ended_timeout,The class has ended after timeout.,课堂超时，已自动结束,,,,,,,
,modal-课堂已结束-知道了,modal_class_ended_ok,OK,知道了,,,,,,,
,modal-计划下课时间,modal_class_end_time,The class has reached its end time. It will be ended after {{time}} minutes.,下课时间到了，课堂将在{{time}}min后自动结束,,,,,,,
,modal-下课时间超时,modal_class_end_timeout,The class has timed out for {{timeout}} mins. It will be ended after {{time}} minutes.,课堂已超时{{timeout}}min，将在{{time}}min后自动结束,,,,,,,
,,share_reject,Please end the stage and try again.,请先结束上台,,,,,,,
,sidebar-全体,sidebar_all,All,全体,,,,,,,
,,share_reject_author,Please end the authorization first.,请先结束授权,,,,,,,
,header-已结束,header_ended,Ended,已结束,,,,,,,
,,hover_mute,Unmute,打开麦克风,,,,,,,
,,hover_unmute,Mute,关闭麦克风,,,,,,,
,,hover_on_stage,On Stage All,全体上台,,,,,,,
,,hover_off_stage,Off Stage All,全体下台,,,,,,,
,,hover_authored,Authorize,授权,,,,,,,
,,hover_unauthored,Deauthorize,取消授权,,,,,,,
,,hover_authorize_all,Authorize All,全体授权,,,,,,,
,,hover_deauthorize_all,Deauthorize All,取消全体授权,,,,,,,
,,hover_reward,Reward,发送星星奖励,,,,,,,
,,hover_mute_all,Unmute All,打开全体学生麦克风,,,,,,,
,,hover_unmute_all,Mute All,关闭全体学生麦克风,,,,,,,
,,hover_reward_all,Reward all,给全体学生加星星,,,,,,,
,,hover_expanding,Expanding,展开,,,,,,,
,,hover_collapsing,Collapsing,收起,,,,,,,
,,hover_view,Catalog,查看目录,,,,,,,
,,hover_pageup,Previous Page,上一页,,,,,,,
,,hover_pagedown,Next Page,下一页,,,,,,,
,,hover_reset,Reset,重置,,,,,,,
,,hover_mini,Minimize,最小化,,,,,,,
,,hover_restore,Restore,恢复,,,,,,,
,,hover_eraser,Eraser,框选清除,,,,,,,
,,hover_full_screen,Full Screen,全屏,,,,,,,
,,hover_screen_restore,Restore,退出全屏,,,,,,,
,,hover_add_black,Add Blackboard,增加一页黑板,,,,,,,
,modal-主动结束,modal_class_active_end,Are you sure to end this classroom? ,确定要结束课堂吗？,,,,,,,
,modal-主动结束-提醒,modal_class_active_end_warn,(You cannot enter again after the end.),（结束后将无法进入本课堂）,,,,,,,
,modal-主动结束-暂时离开,modal_class_active_end_temp,Leave,暂时离开,,,,,,,
,modal-主动结束-结束,modal_class_active_end_ended,End for All,结束,,,,,,,
,toast-星星数量已达上限,toast_star_reached_limit,The number of stars has reached the limit.,星星数量已达上限,,,,,,,
,camera-等待,camera_awaiting,Awaiting,等候中,,,,,,,
,camera-主动退出,camera_exit,Left,主动退出,,,,,,,
,camera-正在进入,camera_entering,Connecting,正在进入,,,,,,,
,camera-刷新课堂,camera_refreshing,Refreshing,正在刷新,,,,,,,
,camera-掉线,camera_offline,Disconnected,课堂服务中断,,,,,,,
,camera-应用后台,camera_appPause,Using other apps,正在使用其他程序,,,,,,,
,,timeout_add,Extend 10 mins,延长10分钟,,,,,,,
,notice-学生侧视频已相互可见,notice_classmate_visible,The attendees video area is visible to learners,学生侧视频已相互可见,,,,,,,
,notice-学生侧视频已相互不可见,notice_classmate_invisible,The attendees video area is invisible to learners,学生侧视频已相互不可见,,,,,,,
,sidebar-tabs-学生视频区可见,sidebar_classmate_visible_setting,Make the attendees video area visible to learners,学生视频区可见,,,,,,,
,该内容暂不支持授权操作,notice_authorization_operations_not_support,Authorization operations are not supported.,该内容暂不支持授权操作,,,,,,,
,请先结束当前授权,notice_terminate_other_authorization_first,Please terminate authorization first,请先结束当前授权,,,,,,,
,已取消授权,notice_authorization_cancel_success,Authorization has been cancelled,已取消授权,,,,,,,
,",notice-建议开启摄像头、麦克风，并佩戴耳机，以获得更好的课堂体验",notice_preparation_tip,"It is recommended that cameras, microphones and headphones be turned on for a better classroom experience",建议开启摄像头、麦克风，并佩戴耳机，以获得更好的课堂体验,,,,,,,
,notice-摄像头被占用,notice_camera_is_occupied,Camera is occupied.,摄像头被占用,,,,,,,
,notice-无摄像头设备,notice_no_camera,No Camera,无摄像头设备,,,,,,,
,notice-未打开摄像头权限,notice_no_camera_access,No Camera Access,未打开摄像头权限,,,,,,,
,notice-无麦克风设备,notice_no_mic,No Microphone,无麦克风设备,,,,,,,
音频状态,「麦克风被其他应用占用」提示,hover_mic_is_occupied,Microphone is occupied.,麦克风被其他应用占用,,,,,,,
,notice-未打开麦克风权限,notice_no_mic_access,No Microphone Access,未打开麦克风权限,,,,,,,
,",notice-网络异常，请检查网络链接,,""The network is abnormal,please check the network connection."",网络异常，请检查网络链接",notice_preparation_network,"The network is abnormal,please check the network connection.",网络异常，请检查网络链接,,,,,,,
,",notice-网络异常-重试",notice_preparation_network_retry,Retry,重试,,,,,,,
,课前-进入课堂,preparation_enter,Enter Classroom,进入课堂,,,,,,,
,课前-播放音乐,preparation_play,Play Music,播放音乐,,,,,,,
,alert-下课时间超时,alert_class_end_timeout,The class has timed out. It will be ended after @@@ minutes.,课堂已超时，将在@@@后自动结束,,,,,,,
,课堂开始,class_status_start,Start,开始,,,,,,,
,开始按钮说明,start_content,Start teaching and connecting with learners,连线学生并开始上课,,,,,,,
,公告板-标题-2,modal_title_2,The attendees video area is invisible to learners.,学生侧视频相互不可见,,,,,,,
,公告板-副标题-2,modal_limit_2,(Can be modified in the sidebar.),(可在侧边栏的班级设置中修改),,,,,,,
,公告板-标题-3,modal_title_3,"Before [Start], your video and the content will not be visible to learners. ",点击【开始】前，学生侧看不到您的视频和课件内容,,,,,,,
,公告板-副标题-2,modal_limit_3,(Some interactive features are also unavailable.),(部分互动功能也不可用哦),,,,,,,
,toast提示不可点击,toast_disabled,This function is available after clicking [Start]. ,此功能在点击【开始】后可用哦,,,,,,,
,,warning_stars,The operation is too fast. Please try again later.,操作过快，请稍后再试,,,,,,,
,toast提示_共享,toast_screen_share,You need recording permission to share your srceen and other Windows.,需要获取录制权限，以使用屏幕共享,,,,,,,
,toast-延长失败,toast_extend_err,"Time extension failed, please try again",延时失败，请重试,,,,,,,
,新手引导-调用课件,novice_guidance_call_materials_title,Select the courseware you want to use here.,选择您需要使用的课件,,,,,,,
,新手引导-调用课件,notive_guidance_call_materials_describe,"The courseware configured before class will appear here. You can drag it to the content area to open the corresponding courseware. After opening it, learners can see it synchronously.",课前配置好的课件会出现在这里，您可以将它拖拽至内容区，来打开对应课件，打开后学生同步可见,,,,,,,
,新手引导-书写工具,novice_guidance_draw_tools_title,Use them to operate courseware and write on the blackboard.,使用它们来操作课件、书写板书,,,,,,,
,新手引导-书写工具,novice_guidance_draw_tools_describe,"Pointer: can help you operate courseware.@@@
Brush: More than just writing, it can draw shapes quickly.@@@
Typing: Too much trouble writing? I might as well just type it out.@@@
Eraser: quickly clear box selection.","指针 | 它能帮你操作课件@@@
画笔 | 不止写字，它还能快速绘制形状@@@
打字 | 写字太麻烦？不如直接打出来@@@
橡皮 | 快速清除框选内容",,,,,,,
,新手引导-学生互动,novice_guidance_learner_interaction_title,Learners' favorite interaction: getting on stage and authorizing courseware.,学生最喜欢的互动：上台和授权操作课件,,,,,,,
,新手引导-学生互动,novice_guidance_learner_interaction_describe,"Stage: Select the learner camera and drag it directly to the content area.@@@
Authorization: Click the authorization button, through the operation of courseware, let learners better share ideas with everyone.","上台 | 选中学生摄像头，直接拖到内容区@@@
授权 | 点击ta的魔法棒，通过操作课件，让ta更好的向大家分享思路",,,,,,,
,新手引导-课堂激励,novice_guidance_cr_motivation_title,"Praise learners more, they will love learning more.",多表扬学生，他们会更爱学习,,,,,,,
,新手引导-课堂激励,novice_guidance_cr_motivation_describe,Click on the star to send out class rewards for learners.,点击星星，为学生发出课堂奖励,,,,,,,
,新手引导-课堂控制,novice_guidance_cr_control_title,You can control the field quickly here.,如果学生（们）太嗨，在这里让ta（们）安静下来,,,,,,,
,新手引导-课堂控制,novice_guidance_cr_control_describe,Control the microphones of individual students or all students here.,在这里控制单个学生或全部学生的麦克风,,,,,,,
,新手引导-退出课堂,novice_guidance_cr_exit_title,And I'll leave you there.,最后从这里下课,,,,,,,
,新手引导-退出课堂,novice_guidance_cr_exit_describe,Make sure the class is over.,记得确认课程结束,,,,,,,
,新手引导-麦克风控制,novice_guidance_cr_mic_control_describe,Click here to turn off/on your microphone.,点击这里可以关闭/打开您的麦克风,,,,,,,
,新手引导-我知道了,novice_guidance_confirm,Got it,我知道了,,,,,,,
,引导-上一步,guidance_back,Back,上一步,,,,,,,
,引导-下一步,guidance_next,Next,下一步,,,,,,,
,引导-我知道了,guidance_confirm,Got it,我知道了,,,,,,,
,引导-查看详情,guidance_details,View Details,查看详情,,,,,,,
,modal-磨课-主动结束,modal_grind_class_active_end,Are you sure to end the practice room?,确定要结束磨课课堂吗？,,,,,,,
,modal-磨课-主动结束-提醒,modal_grind_class_active_end_warn,The content will not be saved after the end.,结束后不会保存当前磨课课堂的内容,,,,,,,
,modal-磨课-取消,modal_grind_class_active_end_cancel,Cancel,取消,,,,,,,
,modal-磨课-退出,modal_grind_class_active_end_ended,End,结束,,,,,,,
,grind-磨课课堂标签,grind_tag,Practice Room,磨课课堂,,,,,,,
,grind-虚拟学员,grind_virtual_learners,Virtual Learners,虚拟学员,,,,,,,
,求助-intercom,intercom_hover,Help,求助,,,,,,,
,modal-磨课课堂共享提示,modal_grind_class_screen_share,The screen sharing cannot be used in the practice room.,屏幕共享功能暂不支持在磨课课堂内使用,,,,,,,
,modal-磨课课堂本地摄像头提示,modal_grind_class_local_camera,The local camera cannot be used in the practice room.,本地摄像头功能暂不支持在磨课课堂内使用,,,,,,,
,modal-磨课课堂共享提示-知道了,modal_grind_class_screen_share_confirm,OK,我知道了,,,,,,,
,modal-磨课课堂学生课堂设置提示,modal_grind_class_learner_setting, Setting for learner classroom cannot be used in the practice room.,学生课堂设置功能暂不支持在磨课课堂内使用,,,,,,,
,modal-磨课课堂学生课堂设置提示-知道了,modal_grind_class_learner_setting_confirm,OK,我知道了,,,,,,,
,tool-选择工具,tool_select,Select,选择,,,,,,,
,user-备注名,user_remark,Remark,备注名,,,,,,,
,user-昵称,user_nickname,Nickname,昵称,,,,,,,
,permission-麦克风-标题,permission_mic_title,Classpod would like to access your microphone.,Classpod想访问您的麦克风,,,,,,,
,permission-麦克风-正文,permission_mic_tip,"It will affect your audio communication with your learners. It is recommended to enable the permission,and restart Classpod App.",若禁止，学生将无法在课堂中听到您的声音。强烈建议开启麦克风权限。,,,,,,,
,permission-摄像头-标题,permission_camera_title,Classpod  would like to access your camera.,Classpod想访问您的摄像头,,,,,,,
,permission-摄像头-正文,permission_camera_tip,"It will affect your video communication with your learners. It is recommended to enable the permission,and restart Classpod App.",若禁止，学生将无法在课堂中看到您的画面。强烈建议开启摄像头权限。,,,,,,,
,permission-屏幕录制-标题,permission_screen_title,Classpod  would like to access your recording permissions.,Classpod想获取您的屏幕录制权限,,,,,,,
,permission-屏幕录制-正文,permission_screen_tip,"If prohibited, we will not be able to provide you with screen sharing, class playback and other services.",若禁止，我们将无法为您提供屏幕共享、课堂回放等服务。,,,,,,,
,permission-按钮-依旧拒绝,permission_btn_refuse,Deny,依旧拒绝,,,,,,,
,permission-按钮-打开权限,permission_btn_open,Set Up,打开权限,,,,,,,
,submit-按钮-提交备注,submit_remark_btn,Submit,提交,,,,,,,
,video-视频播放提示,video_notice_tip,"To avoid echo interference during video play, the teacher and learners will mute automatically.",视频播放时为避免回声干扰，老师和学生将双向静音,,,,,,,
,video-视频播放-按钮,video_notice_btn,OK,知道了,,,,,,,
,多课件移动端刷新提示,multi_cocos_notice_tip,Learners using mobile devices will refresh the class to display the content you switched. It is recommended to wait for learners to refresh before continuing the class.,使用移动设备的学员即自动刷新课堂，以展示您切换的内容，建议待学生刷新后再继续授课。,,,,,,,
,allAuth-全体授权-提示,allAuth_notice_tip,"When authorize all, learners will only hear the teacher's voice to avoid interruptions from each other.",全体授权时为避免相互干扰，学生将只能听到老师声音,,,,,,,
,allAuth-全体授权-按钮,allAuth_notice_btn,OK,知道了,,,,,,,
,kickout-互提-提示,kickout_modal_tip,Your account is logged in to another device.,您的账号已在其他设备上登录,,,,,,,
,kickout-互提-退出,kickout_modal_exit,Exit,退出课堂,,,,,,,
,kickout-互提-重新登陆,kickout_modal_reload,Reenter,重新登录,,,,,,,
,全体授权-屏蔽课件声音,unmute_courseware_sound,Unmute courseware sound,屏蔽课件声音,,,,,,,
,全体授权-播放课件声音,mute_courseware_sound,Mute courseware sound,播放课件声音,,,,,,,
,云盘,cloud_library,Library,资源库,,,,,,,
,云盘,cloud_cw,Courseware,互动课件,,,,,,,
,云盘,cloud_allfile,All Files,全部文件,,,,,,,
,云盘,cloud_file,File,文件,,,,,,,
,云盘,cloud_add,Add,添加,,,,,,,
,云盘,cloud_move,Move,移动,,,,,,,
,云盘,cloud_edit,Rename,重命名,,,,,,,
,云盘,cloud_del,Detele,删除,,,,,,,
,云盘,cloud_warn_file_name,Please enter the file name.,请输入名称,,,,,,,
,云盘,cloud_warn_folder_name,Please enter the folder name.,请输入名称,,,,,,,
,云盘,cloud_warn_cw_name,Please enter the courseware name.,请输入名称,,,,,,,
,云盘,cloud_new,New,新增,,,,,,,
,云盘,cloud_upload_file,Files,文件,,,,,,,
,云盘,cloud_upload_folder,Folder,文件夹,,,,,,,
,云盘,cloud_new_folder,New Folder,新建文件夹,,,,,,,
,云盘,cloud_upload_fail,Upload failed.,上传失败,,,,,,,
,云盘,cloud_upload,Upload,上传,,,,,,,
,云盘,cloud_search_placeholder_cw,Search Courseware Name,搜索课件名称,,,,,,,
,云盘,cloud_search_placeholder_file,Search File Name,搜索文件名称,,,,,,,
,云盘,cloud_drop_file_info,Add content to the library.,添加内容到资料库,,,,,,,
,云盘,cloud_uploading,Loading,上传中,,,,,,,
,云盘,cloud_transcoding,Transcoding,转换中,,,,,,,
,云盘,cloud_transcoding_fail,Transcoding failed.,转换失败,,,,,,,
,云盘,cloud_move_to,Move To,移动至,,,,,,,
,云盘,cloud_move_success,Successfully Moved,移动成功,,,,,,,
,云盘,cloud_move_fail,Failed to Move. Please try again.,移动失败，请重试,,,,,,,
,云盘,cloud_move_exist,The file or folder already exists under the target.,文件或文件夹在目标下已存在。,,,,,,,
,云盘,cloud_del_warn,Are you sure to delete the file or folder?,确认要删除文件或文件夹吗?,,,,,,,
,云盘,cloud_nav_name,File Name,文件名称,,,,,,,
,云盘,cloud_nav_size,Size,大小,,,,,,,
,云盘,cloud_nav_time,Date,修改时间,,,,,,,
,云盘,cloud_waiting,Waiting...,等待转换...,,,,,,,
,新手引导-云盘,novice_guidance_cloud_title,Open the library to add courseware.,打开资源库，可以添加课件,,,,,,,
,新手引导-云盘,novice_guidance_cloud_describe,Open the library and select the couseware you want to use. And add the couseware to the content list.,打开资源库，选择您需要使用的课件，添加至课件内容列表中，方便您在课堂中使用。,,,,,,,
,云盘-科目,cloud_subject_1,Arts,艺术,,,,,,,
,云盘-科目,cloud_subject_2,Coding & Tech,编程&技术,,,,,,,
,云盘-科目,cloud_subject_3,English,英语,,,,,,,
,云盘-科目,cloud_subject_4,Health & Wellness,健身&养生,,,,,,,
,云盘-科目,cloud_subject_5,Life Skills,生活技能,,,,,,,
,云盘-科目,cloud_subject_6,Math,数学,,,,,,,
,云盘-科目,cloud_subject_7,Music,音乐,,,,,,,
,云盘-科目,cloud_subject_8,Science & Nature,科学&自然,,,,,,,
,云盘-科目,cloud_subject_9,Social Studies,社会科学,,,,,,,
,云盘-科目,cloud_subject_10,World Languages,语言,,,,,,,
,云盘-文件大小限制说明,cloud_filesize_limit_tips,File size：less than  @@@ MB.,文件大小： @@@ MB以内,,,,,,,
,云盘-文件类型限制说明,cloud_file_format_limit_tips,File format: @@@.,文件格式： @@@ ,,,,,,,
,云盘-文件类型和大小提示入口,cloud_file_notice,Supported file sizes and types,支持的文件大小及类型,,,,,,,
,云盘-转码错误后的可屏幕共享提示,cloud_after_failed_sharescreen_tips,"If you have tried many times and still fail, you can use Screen Sharing to open the local courseware for teaching.",若您已经尝试多次依旧失败，可以使用屏幕共享，打开本地课件进行授课,,,,,,,
,云盘,cloud_my,My,我的资源,,,,,,,
,新手引导-画笔授权,novice_guidance_auth_draw_title,Authorization capability upgrade: Writing authorization is supported,授权能力升级：支持书写授权,,,,,,,
,新手引导-画笔授权,novice_guidance_auth_draw_describe,"Click on the icon to authorize students to have corresponding abilities：@@@
Authorized Operation：Students can operate interactive elements on the courseware.@@@
Authorization To Write：Students can use a brush or eraser tool to doodle on the courseware.You can use the icon here to see which tools students are using.","点击icon，授权学生相应能力： @@@
授权操作课件 | 学生可操作该页课件上的交互元素（仅支持交互课件、icw课件）@@@
授权书写 | 学生可使用画笔或橡皮工具，在当页课件上涂鸦，您可通过此处icon了解学生正在使用哪种工具",,,,,,,
,画笔授权hover,hover_auth_operation,Authorized Operation,授权操作课件,,,,,,,
,画笔授权hover,hover_auth_write,Authorized To Write,授权书写,,,,,,,
,画笔授权hover,hover_auth_end,End The Authorization,结束授权,,,,,,,
,云盘,cloud_publish_time,Publish Time,发布时间,,,,,,,
,云盘,cloud_upload_time,Upload Time,上传时间,,,,,,,
,云盘,cloud_toast_transcoding,"Courseware is converting, please try again later.",课件转码中，请稍后再试,,,,,,,
,云盘,cloud_toast_tanscode_failed,"Courseware converting failed,can't be used.",课件转码失败，无法打开,,,,,,,
,云盘,cloud_no_content,No Content~,暂无资源,,,,,,,
,icw,icw_change_version_title,Other versions of the same courseware have been opened. Are you sure to close the current courseware and open this version?,课堂已打开同一课件的其他版本。是否确定关闭当前课件，并打开这个版本？,,,,,,,
,icw,icw_change_version_content,"If you close the current courseware, the board on the courseware will be cleared.",若关闭当前课件，课件上的笔迹也会被清空。,,,,,,,
,icw,icw_change_version_cancel,Cancel,再想想,,,,,,,
,icw,icw_change_version_sure,Sure,确定,,,,,,,
,icw,icw_hover_animation,Animation,动效,,,,,,,
,icw,icw_hover_exercise,Exercise,练习,,,,,,,
,icw,icw_function_declare,Through icon，you can quickly find out whether there are configured actions or exercises on this page of courseware.,通过icon可以快速了解该页课件上是否配置了动效、练习,,,,,,,
,个性化边框,border_modal_title,On-stage Frame,上台头像框,,,,,,,
,个性化边框,border_modal_describe,"After selection, all learners will come to the stage with a video frame style of your choice, visible to the whole class.",选择后，所有学生在上台时会带着您选择的头像框样式，全班可见。,,,,,,,
,个性化边框,border_none,Nothing,无,,,,,,,
,个性化边框,border_tiger,Tiger,老虎,,,,,,,
,个性化边框,border_giraffe,Giraffe,长颈鹿,,,,,,,
,个性化边框,border_fox,Fox,狐狸,,,,,,,
,个性化边框,border_snake,Snake,蛇,,,,,,,
,个性化边框,border_modal_confirm,Confirm,确认,,,,,,,
,toast-您已闭麦，请打开麦克风,mute_open_mic,"Your microphone is off, please turn on the microphone.",您已闭麦，请打开麦克风,,,,,,,
,,share_screen_audio,Shared Audio,共享声音,,,,,,,
,,stop_share_audio,Stop Sharing Audio,停止共享声音,,,,,,,
,,hide_preview,Hide Preview,隐藏预览,,,,,,,
,,show_preview,View Preview,查看预览,,,,,,,
,操作栏,tool_reshare,Reshare,切换共享,,,,,,,
,,too_close_share,Exit Sharing,停止共享,,,,,,,
,,share_guide,Class control function has moved here.,班级控制移到这里啦,,,,,,,
,rtc断开连接,rtc_disconnect,Communication Disconnected,通讯中断,,,,,,,
,上台后镜像提示,onstage_no_reverse_tip,Mirror mode is automatically canceled.,上台后将自动取消镜像模式,,,,,,,
,rtm断开连接,rtm_disconnect,Classroom Server Disconnected,课堂服务中断,,,,,,,
,学生未进入,leanerr_unattend,To be attended,待进入,,,,,,,
,,share_screen_warning,"When Screen Share is present, Authorize All will be automatically revoked. Are you sure you want to turn it on?",开启屏幕共享后将自动取消全体授权，确定开启吗？,,,,,,,
,,share_screen_warning_button,Confirm,开启,,,,,,,
,网络,network_item_1,Network:,网络连接：,,,,,,,
,,network_item_2,Communication:,通话质量：,,,,,,,
,,network_item_3,Interaction:,交互同步：,,,,,,,
,,network_item_4,Interaction Sync:,操作同步：,,,,,,,
,查看建议,network_recommendation_btn,Recommendation,查看建议,,,,,,,
,,netwok_recom_title,Network Recommendation,网络建议,,,,,,,
,网络中断提示,network_have_tip_4,Click on the INFO icon to check if the network is connected.,点击设备状态图标，检查是否已连接网络 ,,,,,,,
,,network_have_tip_5,Visit a URL by your browser to confirm if you can access the Internet normally.,打开浏览器，确认是否能正常上网,,,,,,,
,,network_have_tip_3,"Change the network, such as switch to wired network or switch wi-fi to hotspot.",更换下网络，例如切换为有线网络或把wifi切换为热点,,,,,,,
,提示按钮,network_tip_btn,OK,我知道了,,,,,,,
,网络波动提示,network_have_tip_1,Try to keep your device and wireless router in the same room.,尽量将设备和路由器保持在同一房间,,,,,,,
,,network_have_tip_2,Reboot routing settings to ensure network stability.,重启路由器，尝试重新连接,,,,,,,
,网络状态,network_none,Disconnected,已断开,,,,,,,
,,network_low,Poor,差,,,,,,,
,,network_middle,Medium,中,,,,,,,
,,network_hight,Good,好,,,,,,,
,当前暂不支持发起该功能,initiating_this_function_is_not_currently_supported,Initiating this function is not currently supported.,当前暂不支持发起该功能,,,,,,,
,新手引导-授权-title,novice_guidance_auth_title,Here to help learners switch tools.,在这里帮助学生切换工具,,,,,,,
,新手引导-授权-content,novice_guidance_auth_describe,"Support learners to operate interactive courseware, move pictures, and write.",支持学生操作交互课件、移动图片、书写笔迹,,,,,,,
,,device_status1,Classroom Service：,课堂服务：,,,,,,,
,,device_status2,Device OS： ,设备系统：,,,,,,,
,,device_status3,Performance：,设备性能：,,,,,,,
,,device_status4,Network：,网络情况：,,,,,,,
,,device_service_modal_title1,Standard Service ,标准服务,,,,,,,
,,device_service_modal_title2,Swift Service ,极速服务,,,,,,,
,,device_service_modal_des1,This learner can see the videos of teachers and all learners with 360P resolution. ,该学生能看到老师和所有学员视频，均采用360P分辨率,,,,,,,
,,device_service_modal_des2,This learner can't see the videos of learners who are not on stage. The rest are consistent with the standard service functions.,该学生无法看到未上台的学员视频，其余与标准服务功能一致,,,,,,,
,本地摄像头-name,local-camera,Local  Camera,本地摄像头,,,,,,,
,本地摄像头-angle-0,local-camera-angle-0,No Rotation,不旋转,,,,,,,
,本地摄像头-angle-90,local-camera-angle-90,90 Degree Rotation,90度旋转,,,,,,,
,本地摄像头-angle-180,local-camera-angle-180,180 Degree Rotation,180度旋转,,,,,,,
,本地摄像头-angle-270,local-camera-angle-270,270 Degree Rotation,270度旋转,,,,,,,
,本地摄像头-pause,local-camera-pause-sharing,Pause sharing,已暂停共享摄像头画面,,,,,,,
,功能引导-本地摄像头-title,feat-local-camera-title,Share local camera footage as teaching content to learners.,将本地摄像头画面作为教学内容分享给学生们,,,,,,,
,功能引导-本地摄像头-content,feat-local-camera-content,"If your classroom involves multiple views, you can use the local camera to add another view!",如果您有多个摄像头，可以通过这个工具将本地摄像头画面分享给学生。,,,,,,,
,判断题,decide-icon-name,True or False,判断题,,,,,,,
,,decide-choice,Choose a question type and send out.,选择题型,,,,,,,
,,decide-yes-no,Yes/No,是/否,,,,,,,
,,decide-true-false,True/False,对/错,,,,,,,
,,decide-start-answer,Send Out,发出互动,,,,,,,
,,decide-detail-title, {{answerNum}} / {{total}} submitted., {{answerNum}} / {{total}} 已提交,,,,,,,
,,decide-detail-bar,Learners View,学生视角,,,,,,,
,,decide-detail-data,Detailed Data,个人数据,,,,,,,
,,decide-yes,Yes {{num}} learner(s),是 {{num}} 人,,,,,,,
,,decide-no,No {{num}} learner(s),否 {{num}} 人,,,,,,,
,,decide-true,True {{num}} learner(s),对 {{num}} 人,,,,,,,
,,decide-false,False {{num}} learner(s) ,错 {{num}} 人,,,,,,,
,,decide-end,End,结束作答,,,,,,,
,,decide-btn-yes,Yes,是,,,,,,,
,,decide-btn-no,No,否,,,,,,,
,,decide-modal-title,Are you sure to end the interaction?,是否结束当前互动？,,,,,,,
,,decide-toast-title,The interaction has ended.,判断题互动已自动结束,,,,,,,
,,share-screen-tip2,Learners can be authorized to write under screen sharing.,共享下可以授权学生书写啦！,,,,,,,
,教师静音弹框,toast-mute-mic,You are muted now.,麦克风正在静音中。,,,,,,,
,,click-stage-off,Click to off stage,点击下台,,,,,,,
,课件下载加载,res-download-failed-msg,"Courseware download failed, please click the button to try again.",课件下载失败，请点击按钮重试,,,,,,,
,,res-failed-retry,Retry,重试,,,,,,,
,,res-loading-failed-msg,"Courseware failed to load, please click the button and try again.",课件加载失败，请点击按钮重试,,,,,,,
,,res-downloading,Downloading...,下载中,,,,,,,
,课堂模式,classroom-mode-content,Content View,内容视图,,,,,,,
,,classroom-mode-gallery,Gallery View,画廊视图,,,,,,,
,,classroom-mode-view,View,视图,,,,,,,
,学生未进入,learner_attendance,Not in attendance,待进入,,,,,,,
,,device-guide-title,Grasp Learner's Device Status,实时掌握学生设备状态,,,,,,,
,,device-guide-des,"Click on the icon to check the classroom service type, device OS, performance and network conditions of the learner.",点击icon查看学生当前的课堂服务类型、操作系统、性能表现和网络情况。,,,,,,,
,,device-service-tips,Standard,标准服务,,,,,,,
,,device-service-tips2,Swift,极速服务,,,,,,,
,,echo-remind,Suspected echo device: Turning off his microphone If there is an echo.,疑似回声设备：如有回声建议关闭他的麦克风,,,,,,,
,,hover-device,Device Status,设备状态,,,,,,,
,,suggest_no_need,The current network is in good condition and no need to optimize ~,当前网络良好，无需优化～,,,,,,,
,内容区缩放工具,zoom-level,Zoom Level,显示比例,,,,,,,
,,zoom-custom,Custom,自定义比例,,,,,,,
,,zoom-navigator,Navigator,导航器,,,,,,,
,,zoom-content,Content Area,课件范围,,,,,,,
,,zoom-visible,Visible Area,可视范围,,,,,,,
,,zoom-quick-fit,Quick Fit,快速适配,,,,,,,
,,zoom-fit-height,Fit height,高度适配,,,,,,,
,,zoom-fit-width,Fit width,宽度适配,,,,,,,
,,star-note,Note: Up to 20 Stars per learner per lesson. (Limited time offer),提示：每课每学员最多可发20星（限时提供）,,,,,,,
,计时器,counter-title-timer,Timer,正计时,,,,,,,
,,counter-title-countdown,Countdown,倒计时,,,,,,,
,,counter-btn-start,Start,开始,,,,,,,
,,counter-btn-pause,Pause,暂停,,,,,,,
,,counter-btn-resume,Resume,继续,,,,,,,
,,counter-btn-reset,Reset,复位,,,,,,,
,,counter-btn-restart,Restart,重新开始,,,,,,,
,,counter-interaction-finish,The interaction has ended.,正计时互动已自动结束,,,,,,,
,,counter-countdown-interaction-finish,The interaction has ended.,倒计时互动已自动结束,,,,,,,
,计时器,counter-unit-minute,Minute,分,,,,,,,
,,counter-unit-second,Second,秒,,,,,,,
,,counter-scene-conflict-tips,Please end the interaction and try again.,请先结束当前互动后再试。,,,,,,,
,手动关闭学生视频,learner-camera-more-blind,Stop Video,关闭视频,,,,,,,
,,learner-camera-more-unblind,Start Video,开启视频,,,,,,,
,,learner-camera-more-pin,Pin,固定,,,,,,,
,,learner-camera-more-unpin,Unpin,取消固定,,,,,,,
,,learner-camera-more-toast-unblind,This learner's video will be seen in 3 seconds.,该学生视频将在3秒后开启,,,,,,,
,,learner-camera-more-hover-blind,Stop Video,关闭视频,,,,,,,
,,learner-camera-more-hover-unblind,Start Video,开启视频,,,,,,,
,请求失败,manifest-request-err,"Request failed, please close the current file, reopen it and try again.",请求失败，请关闭当前文件，重新打开再试试,,,,,,,
,,request_network_disconnected,"Network abnormalities, please check your network settings.",网络异常，请检查您的网络设置,,,,,,,
,,request_not_logged_in,"If you are not logged in, please try to log in again.",未登录，请您尝试重新登录,,,,,,,
,,request_server_error,"Server exception, please try again later.",服务器异常，请稍候再试,,,,,,,
,,request_network_error,"Network abnormality, please try again later.",网络异常，请稍候再试,,,,,,,
,native-rtc崩溃modal,rtc_crash_modal_tip,"Live communication disconnected, please refresh the classroom and try again.",实时通讯中断，请刷新课堂重试,,,,,,,
,,rtc_crash_modal_reload,Refresh,刷新,,,,,,,
